MASTER_PART_NUMBER,MASTER_PRODUCT_NAME,QUANTITY,SALES
3402,Raven Essential Oil - 15ml,36279,1434528.75
5350,Dish Soap - Thieves - 12oz,179994,2813430.39
28471,Citrus CBD Oil - 1000mg,3276,495457.64
3248,MultiGreens Capsules - 120ct,71420,3235682.29
20083,AminoWise (US/SG),21887,816421.34
3614,Peppermint Essential Oil - 15ml,411997,10022646.07
3417,SARA Essential Oil - 5ml,5479,160430.61
3356,Christmas Spirit Essential Oil - 5ml,238044,2703123.01
3337,Envision Essential Oil - 5ml,8242,175511.17
3357,Hope Essential Oil - 5ml,1877,121851.07
30920,Foaming Hand Soap Refill - Lushious Lemon - 32oz,38930,1654685.05
20240,Super Cal Plus,63570,1877765.73
24261,MightyPro,94364,3386983.11
41956,Bar Soap - Shutran - 3.5oz (US/AUS/CA),11107,249175.05
3525,NingXia Red 2oz - 30ct,130734,12570968.34
5629,Rosemary Vitality™ - 5ml,12944,112172.49
3377,Magnify Your Purpose Essential Oil - 5ml,3722,150300.78
26498,Peace & Calming Roll-On - 10ml,25606,1245791.55
6201,ParaFree Softgels - 180ct,7526,776035.22
3542,Fennel Essential Oil - 15ml,10100,199624.80
3745,Bath & Shower Gel - Morning Start - 8oz,15988,341358.89
3032,Ortho Sport Massage Oil - 8oz,10258,379331.67
3552,Sacred Frankincense Essential Oil - 15ml,18306,1865867.06
5759,Cool Azul Pain Relief Cream,47572,2344935.96
3246,Thyromin Capsules - 60ct,40393,1933570.05
5142,Thieves Waterless Hand Sanitizer - 7.6oz,54532,1649319.04
3743,Thieves Household Cleaner - 14.4 fl oz,183156,4695993.13
3539,Eucalyptus Globulus Essential Oil - 15ml,110608,1795419.18
3643,Foaming Hand Soap - Thieves - 3pk,20692,981707.31
5310,KidScents GeneYus - 5ml,2371,117139.86
3340,GLF Essential Oil - 15ml,1703,248873.95
41384,Linen Spray - Calm - YL Seedlings (US/AUS/CA),5954,117298.44
20373,Baby Oil - Calm,7484,150839.86
21696,Cardiogize,23655,1044229.60
39676,Einkorn Crunch - 12pk,9580,187780.03
5145,Wolfberry Eye Cream (AU/US),12675,677503.52
3349,Awaken Essential Oil - 5ml,11739,273586.11
5762,Thieves Automatic Dishwasher Powder,12601,359184.34
3540,Elemi Essential Oil - 15ml,8969,215290.43
25754,Full Coverage Liquid Foundation Brush (Global),1890,68208.66
3332,Egyptian Gold Essential Oil - 5ml,4251,203006.21
43774,Lip Balm -Tropical Tango-Simplified by Jacob+Kait,8992,42687.64
48536,Beauty Glow W/Full-Spectrum Hemp,6996,551743.97
5348,Thieves Fruit & Veggie Spray - 2oz,22282,211127.34
46140,Adobe Mist Diffuser [MFG] (CA/CO/CR/EC/EU/MX/US),3624,202837.06
41598,For the Love of Lemons Bundle,1373,204087.06
36159,CBD Muscle Rub Tin - 10pk,9559,850855.17
26782,KidScents Bath Gel - 8oz (US/AUS/CA),20441,370896.10
3611,Black Pepper Essential Oil - 5ml,8309,177330.17
4540,Aria Glass Dome,3817,110832.35
44721,Simplified - Cozy Chai - 10ml (US/CA),7588,265232.39
35962,Ember Diffuser [MFG],1048,36432.55
25269,Belleza Y Cuidado Personal - 10pk,40,133.14
3567,Wintergreen Essential Oil - 5ml,146,772.79
4664,Holiday Lip Balm - VanillaMint (US/CA),105,443.29
5625,Lemon Vitality™ - 5ml,65677,458743.73
3240,Super B Tablets - 60ct,173854,3923759.98
5591,Lime Vitality™ - 5ml,23935,152064.99
3521,Clary Sage Essential Oil - 15ml,17689,953777.22
3039,Thieves AromaBright Toothpaste - 4oz,178166,2145403.87
35240,Winter Nights - 5ml,17625,439768.08
36644,Hand Lotion - Lushious Lemon (US/CA/AUS),15830,404289.00
23433,Kunzea - 5ml,2223,97958.29
46440,Einlife,6145,16276.41
6350,Trauma Life Essential Oil - 5ml,6923,387481.52
5592,Marjoram Vitality - 5ml,3087,50550.50
44388,Candy Cane Wishes Collection (US/CA),2838,151057.16
5399,Cool Azul - 15ml,2698,228565.12
3748,Bath & Shower Gel - Sensation - 8oz,9831,233512.07
3512,Roman Chamomile Essential Oil - 5ml,11905,542061.70
3363,ImmuPower Essential Oil - 15ml,9408,667844.59
30305,Bloom Brightening Cream (US/CA),8436,702106.66
48984,Wanderful Foundation Bundle,1334,212254.75
46916,Legacy 30 EO - 10ml - 2024 IGC (CA/US),5724,307882.29
5271,Animal Scents Infect Away - 15ml,2949,84933.68
3036,Sensation Massage Oil - 8oz,3135,126322.07
39625,Cozy Cabin - 10ml (US/CA),2986,101132.59
3569,Jasmine - 5ml,5344,460055.38
5642,Sage Vitality™ - 5ml,3611,50982.86
3518,Cistus Essential Oil - 5ml,2178,154440.97
4657,Hong Kuai Essential Oil - 5ml,918,56965.50
4773,Thieves Essential Oil Sample - 10ct,838,9531.19
4734,Freedom Release™ Collection,606,125723.55
38479,Divine Destiny Collection,888,129906.51
25612,Aria Remote Control [V.2],156,4368.00
49020,Resolution Reset: 30 Day Living Young - Level 2,207,39229.52
5340,Reconnect™ Collection,837,175305.23
46725,Set Renew Refresh and Bloom (MX),60,2888.58
20176,Orange Blossom Facial Wash - 4 fl oz (US/AUS),994,44059.56
27364,Life 9 - 30ct (MX),52,1600.67
3604,Oregano Essential Oil - 5ml,34,308.00
45028,Paraguas YL (MX),43,393.71
29265,Farm Tour Passport,149,1571.00
3564,Thyme Essential Oil - 5ml,21,291.75
46724,Set Nuevos Comienzos (MX),7,394.53
33433,CBD Muscle Rub Tin Sample Pack,11,504.40
46779,Young Living Cactus Diffuser - Pink (EU),1,38.54
514238,Thieves Waterless Hand Purifier - 225ml (ZA),2,36.31
455715,3pk Sulfurzyme 180ct,2,202.31
47427,Colgador Palo Santo Reforestation (EC),1,4.35
31056,Black Seed Oil (AUS),54,1130.86
41996,Set Manos Limpias con Thieves (MX),37,1735.47
48642,Set Diffuser 6pk (MX),7,223.08
5782,Slique Shake Brochure - 25pk,8,8.00
48111,Wanderful Atomizing Diffuser - Aqua [MFG],10,539.00
42745,PSK Básico con Difusor Dewdrop (MX),5,476.47
46517,Multi-Purpose Wipes Dispenser (AU/CA/US),3062,56791.36
5636,Fennel Vitality - 5ml,4128,41019.41
32013,Lemon Verbena - 5ml,4418,202283.79
33861,Gary's Light - 5ml,1337,57332.99
35003,YL Foundation Mug,616,5985.11
41520,Roots Essential Oil - 5ml,350,37746.44
44443,Blissful Lips Collection,2120,27578.50
5781,PowerGize Brochure - 25pk,227,226.49
42989,Ylang Ylang Hydrolate Splash - 250ml (EC),60,1048.57
46404,Camiseta Cultivos & Chivos YLF (EC),17,449.83
5265,Divine Release Essential Oil - 15ml,122,9997.09
42830,White Forest Wellness - 5ml (EU),2,50.00
362111,Thieves Waterless Hand Purifier,22,120.55
302615,Inner Defense - 3pk (SG),10,864.74
359403,Foaming Hand Soap Refill - Thieves - 32oz,5,190.86
47101,Okinawa Yanbaru Farm T-shirt - Pink XXL (JP),5,130.15
44379,Cozy Chai - Body Scrub (CA/US),12,116.44
48563,Oils & Iron T-Shirt - Large - Army,9,293.98
18361,Life 9 - 30ct (UK),16,387.68
5787,Slique CitraSlim Brochure - 25pk,216,216.26
4772,Lemon Essential Oil Sample - 10ct,1,4.50
3520,Clary Sage Essential Oil - 5ml,13,210.79
48596,Oils & Iron Cap - Green,6,141.47
31620,Premium Essential Oil Backpack,1,99.75
24557,Aroma Spray Glass Bottle (TW),2,14.65
47290,Power Meal Twin Pack (SG),2,243.77
25684,Higher Unity - 5ml,3,438.00
503406,Rosemary Floral Water - 110ml,1,13.98
47458,Set Let's Glow White (MX),2,137.06
47715,Set Clary Sage (MX),1,57.56
32969,Collagen Complete - 10pk (EU),13,576.56
40603,PSK w/Aria Diffuser [NFR],2,530.00
42650,Isovon (SG/MY),33,698.80
25389,LavaDerm After-Sun Spray (AUS),1,26.82
495205,Booklet - NingXia Red - 10pk,2,5.21
457811,AromaGlide Roller Fitments - 10pk (MX),2,18.95
29762,PSK with Desert Mist Diffuser (MX),2,332.68
46776,Young Living Diffuser Cactus (APAC),2,38.05
47956,Set Frescura con Thieves (MX),3,114.97
31397,Bamboo Slanted Oil Rack (Global),2,24.50
48585,Oils & Iron T-Shirt - XL - Blue,2,70.54
47459,Set Claridad (MX),1,51.55
324337,Sulfurzyme Capsules - 300ct (PH),1,53.59
46709,Pícea Azul De Idaho - 5pk (MX),1,43.79
36369,Liquid Foundation - C22 (US/CA/AUS/NZ),5,202.50
27324,Thieves Vapor Rub (EU),1,7.67
47591,Set Inner Boost And Balance (MX),3,161.58
3432,White Angelica Essential Oil - 15ml,1,18.69
49041,Set Suplementos (MX),2,207.50
39155,True North Crewneck - Black - Large (CA),1,6.83
47717,Set Esenciales I (MX),3,82.63
304437,NingXia Red - 4pk (PH),1,129.25
46889,Black Ginger PMF - 3pk (SG),1,94.42
23701,Lantern Diffuser (EU),1,40.27
37347,PSK W/Dewdrop Diffuser (EU) [German],1,153.23
27871,Lantern Diffuser - Charcoal Gray (EU),1,40.32
27014,Feather Diffuser (SG/MY),1,47.49
48527,Set Batidor con Sulfurzyme (MX),1,50.82
44384,Cozy Chai - Body Butter (CA/US),1,20.23
48079,Fresh Start Diffuser,2,53.60
31322,Bloom Brightening Cleanser (AUS),1,37.51
48997,Set Tummygize (MX),3,96.70
46775,Premium Experience Bundle w/Wanderful Nebulizer,1,178.41
25111,Replacement Pads - 10pk - YL Car Vent Diffuser,1,1.71
48431,Wellness Warriors (SG),1,99.64
28839,Desert Mist Diffuser (KR),1,63.84
33179,KidScents KidPower - 15ml,7017,279361.11
3548,Frankincense Essential Oil - 15ml,135046,11087437.43
3399,Purification Essential Oil - 15ml,163603,4893818.43
44621,Vanilla Whimsy -10ml Roll-On,29674,1089782.78
5760,Thieves Infused Cough Drops,216833,4901799.62
3426,Three (3) Wise Men Essential Oil - 15ml,2836,280889.91
46243,Pink Champagne FHS Concentrate Collection (CA/US),15967,382750.69
3222,Mineral Essence - 3.6 fl oz,38302,1254279.37
3423,Thieves Essential Oil™ - 15ml,480675,18556070.36
3602,Orange Essential Oil - 15ml,207560,2548391.50
3389,Purification Essential Oil - 5ml,72635,1277344.50
5307,KidScents Sleepylze - 5ml,41784,806816.08
21244,MindWise - Bottle,23219,1584082.07
26668,Thieves Whitening Toothpaste (US/AUS/SG),291215,3790933.92
3509,Cedarwood Essential Oil - 15ml,77213,990642.43
5352,Thieves Fruit & Veggie Soak - 16oz,62732,1388733.56
3395,Juva Cleanse Essential Oil - 15ml,2270,271252.91
5150,Lip Balm - Cinnamint 4.5g,65147,306637.25
20701,Insect Repellent,15054,653037.96
41957,Bar Soap - Morning Start - 3.5oz (US/AUS/CA),33236,397416.74
25397,Insect Repellent Wipes - 12pk,12110,365986.99
3750,ClaraDerm Spray - 2oz,6634,488215.72
24137,Mineral Sunscreen Lotion - SPF 50,21017,675190.46
30291,Bloom Brightening Cleanser (US/CA),24791,973921.24
5626,Lemongrass Vitality™ - 5ml,10460,72867.95
3405,R.C. Essential Oil - 15ml,98828,2576986.47
43981,Valor Roll-On - 10ml,25206,1385708.46
3428,White Angelica Essential Oil - 5ml,30698,980610.36
20674,Stress Away Relaxing Bath Bombs,15205,436575.88
5663,ART Intensive Moisturizer - 1.7oz/50g,13496,1014243.54
3309,Aroma Siez Essential Oil - 15ml,18551,669290.92
23705,Mirah Lustrous Hair Oil (US/AUS),8384,251240.74
5955,Gary Young World Leader in Essential Oils Book,1333,9248.75
43909,Red Cedar Bliss- 15ml,14087,745348.53
4881,Frankincense Resin Bag,4184,78678.91
3306,Aroma Life Essential Oil - 15ml,10947,596460.33
38959,Mini Aria Diffuser,986,122607.91
3313,Brain Power Essential Oil - 5ml,9055,665858.53
3384,Motivation Essential Oil - 5ml,3098,179227.38
24303,Freedom - 5ml,5055,156862.33
23685,Lantern Diffuser [MFG],9682,221364.08
3084,Blue Tansy Essential Oil - 5ml,2805,288011.59
3541,Eucalyptus Globulus Essential Oil - 5ml,17,61.63
5273,Animal Scents T-Away - 15ml,7611,144036.06
3381,Mister Essential Oil - 15ml,4228,181140.84
5634,Cardamom Vitality - 5ml,2705,78230.74
25121,Journey On [2018] - 5ml,1070,53565.42
32317,Aroma Ring - Lavender - 8pk,1743,18021.32
48565,Oils & Iron T-Shirt - XL - Army,6,188.98
46795,Set 10 boletos Cena de Gala Transformation (MX),4,2553.68
490805,YL Round Diffuser (JP),8,415.71
48071,Set Hogar con Thieves (MX),2,77.80
41376,Trolley Oil Case,8,240.00
3603,Orange Essential Oil - 5ml,11,37.15
37326,Glass Dropper Bottle,9,12.90
5590,Lavender Vitality™ - 5ml,49749,664722.86
3557,Ginger Essential Oil - 5ml,25379,376567.85
5627,Orange Vitality™ - 5ml,30345,203762.53
44029,Immugummies - 60ct (US/SG),68155,2626837.67
3659,Ylang Ylang Essential Oil - 15ml,24437,1135457.21
5313,Northern Lights Black Spruce - 5ml,15328,412645.54
33688,Breathe Again - 15ml,21133,714185.81
30988,YL Vitality Drops - Variety - 4pk,19068,762299.46
46956,Deep Night Essence,50471,1865904.61
4640,Progessence Plus Serum - 15ml,86557,3702702.52
3584,Marjoram Essential Oil - 15ml,12773,504973.89
3031,V-6 Vegetable Oil Complex - 8oz,13885,343953.29
4685,Jade Lemon Essential Oil - 5ml,25422,315005.36
3732,Prenolone +  - 1.94oz,1868,79320.13
28482,Calm CBD Roll-On - 600mg,9637,800687.75
20223,Mindwise - Sachet 30ct,10172,761875.87
3301,Pure Protein Complete- Vanilla Spice,12116,899901.78
3418,SclarEssence Essential Oil - 15ml,6713,228958.20
3695,Everyday Oils Essential Oil Collection,5620,830174.29
27873,KidScents - Lotion - 7.76oz (US/AUS/CA),5098,126105.18
47514,Glass Foaming Hand Soap Dispenser (CA/US),9040,126722.16
36376,Soothe CBD Roll-On - 600mg,8103,815877.40
3729,Regenolone Moisturizing Cream - 4oz,8548,517030.68
3562,Goldenrod Essential Oil - 5ml,8281,227034.79
24327,Einkorn Flakes Cereal,10885,67995.68
3556,Ocotea Essential Oil - 5ml,8134,336805.79
44108,Einkorn Crunch Variety Pack,6467,204078.08
3580,Lavender Essential Oil - 5ml,367,1954.34
5197,Thieves [Topical/Aromatic] - 5ml,8211,97919.07
5643,Tarragon Vitality™ - 5ml,1406,32811.38
24037,Vitality™ Culinary Kit,552,52271.85
5279,Hard Foam Carrying Case - Holds 30 Oils,882,37173.19
24398,Booklet - Young Living Lifestyle -10pk,3059,4546.13
39530,Tropical Tango - 10ml (US/CA),393,13688.39
35695,Glass Dish Soap Dispenser,587,11521.05
48344,Cepillo Facial (MX),42,397.08
23837,Mattifying Primer,58,2291.00
46874,Set Reset NingXia Red (MX),10,1210.36
3613,Peppermint Essential Oil - 5ml,497,2471.17
27842,Valor Deodorant - 1.5oz,7,118.13
34477,Snowy the Owl Diffuser (MX),50,3227.62
46406,Hoodie Cultivos YLF (EC),17,519.33
48956,Meadow Mist Deodorant Twin Pack (SG),11,171.68
48508,Tactical Kit - Khaki,104,2945.31
22936,Thieves Household Cleaner - 1 Gallon [VKIT],244,32483.52
48506,Set Roll-On Cristal (MX),42,567.16
29763,2019 PSK with Desert Mist Diffuser (CO),1,137.77
359408,Foaming Hand Soap Refill - Thieves - 32oz,7,313.08
41707,"YLSG Reusable Bag - Nature, L (SG)",5,5.18
42085,Set Potential on the Go (MX),3,169.57
3650,Thyme Essential Oil - 15ml,15780,608472.75
40578,Inner Beauty Collagen,64016,4080937.69
25931,Dual Lash Brush (Global),1203,24273.14
5621,DiGize Vitality™ - 5ml,35710,566823.35
20421,Thieves Home Cleaning Kit,9596,843358.48
3263,PD 80/20 Capsules - 30ct,11820,840899.45
46159,Mona Fields - 10ml (CA/US),7616,266274.86
20830,Thieves Household Cleaner 30ml - 10pk,6300,155207.45
5594,Oregano Vitality™ - 5ml,20399,276040.54
5640,Longevity Vitality - 5ml,3427,60556.36
37613,Finca Botanica Farm Collection,528,79260.91
3756,Thieves Wipes - 30ct,2093,31366.52
48561,Oils & Iron T-Shirt - Medium - Army,3,83.98
35928,Rue - 5ml,88,5868.49
3393,Peace & Calming Essential Oil - 15ml,180,8875.91
43389,Bolso YLF (EC),10,87.69
3322,Cypress Essential Oil - 5ml,45,392.00
5330531,Dewdrop Diffuser (EC/CO),6,162.60
48824,Shots Reset 2pk (MX),42,567.16
40044,YLF Colgador para Difusor (EC/CO),2,40.00
3289,Longevity - 30ct,35721,1298068.80
43483,Sprout the Puppy Diffuser,1031,99417.48
43230,Thieves Home Loyalty Bundle,4337,681516.83
41324,Sage Shaker Bottle,15,118.00
5138,Thieves Mints,12278,176009.64
47018,Deep Night Essence (UK),1,38.02
46403,Caps Tela YLF (EC),2,43.48
5195121,Conditioner - Copaiba Vanilla - 295ml,34,790.24
327661,JuvaPower - 8oz (EC),2,24.12
3375,JuvaFlex Essential Oil - 15ml,2,126.09
41605,Diffuser Cleaning Kit - Cream,3,45.00
514208,Thieves Waterless Hand Purifier - 7.6oz (UK),1,33.31
457211,Slique Tea Cinnamon Oolong Cacao - 25ct (MX),6,154.53
4609,YL Blender Bottle - Green,4,7.00
42284,NXR Premium Experience Kit (HK),1,171.91
23714,Lantern Diffuser (EC/CO),6,272.25
42123,Sprout the Puppy Ultrasonic Diffuser (Global),1,28.44
303110,V-6 Vegetable Oil Complex - 8oz,2,52.52
384969,Product Guide - Single (KR),13,17.24
48040,Christmas Spirit Foaming Hand Soap Concentrate 2oz,2,25.57
48582,Oils & Iron T-Shirt - Med - Blue,3,105.00
41709,"YLSG Reusable Bag - Nature, M (SG)",4,2.81
369708,Essential Rewards Kit - Thieves,1,136.31
38491,Collagen Complete - Single Bottle - 50ml (JP),5,20.34
5229,Adapter - AromaLux Diffuser - 3 Prong Plug,3,18.75
44381,Candy Cane - Body Butter (US/CA),5,159.73
502606,Helichrysum Floral Water - 110ml,1,13.98
44328,Ningxia Red ER Bundle (ZA),3,219.75
5330502,Dewdrop Diffuser (EU),3,88.97
48556,Oils & Iron T-Shirt - XSM - Army,1,46.05
46648,Immunity Duo (SG),5,292.45
4118,Ningxia Shot Glass - 4pk,1,2.07
48990,Set Inicia con NingXia Red (MX),2,178.98
47494,Set Buen Descanso (MX),1,40.27
32316,Aroma Ring - AromaEase - 8pk,10,135.00
37140,Paicotea Essential Oil - 5ml,4,106.94
3244,Super Cal Capsules - 120ct,3,22.31
30454,MightyPro (UK),2,70.60
48989,Set Batidor Con Pure Protein Chocolate (MX),1,62.74
44277,DeepSpectra Orange Cacao - 5ml (Limit 2),3,75.00
48479,PSK - Adobe Mist Diffuser (EU) [Croatian],1,70.19
47870,Seasonal Shield (UK),1,34.88
30453,MightyPro (AT),1,37.65
46817,Set Bienestar Present Time (MX),3,206.32
46524,Young & Fit Basic Package (SG),1,227.69
46807,Set Your Love (MX),2,110.24
303105,V-6 Enhanced Vegetable Oil Complex - 8oz (JP),1,22.84
45071,Set Make a Shift Daily Wellness (MX),2,163.96
46809,Set Tu Esencia (MX),2,87.78
47733,Set Masaje (MX),2,101.04
47923,Tactical Bag - Black,5,75.00
47656,Just Breathe (EU),2,82.40
352629,NingXia Red 60ml Singles - 60ct (HK),1,230.43
49282,Set Secado Refrescante (MX),1,53.84
28646,Lantern Diffuser (ZA),1,57.63
46605,WanderGreen Bundle (SG),1,80.12
5585,Cinnamon Bark Vitality™ - 5ml,18493,507873.27
3071,NingXia Zyng - 12pk,169145,6625397.20
43975,Valor Essential Oil - 5ml,41099,1774893.64
3042,NingXia Red - 2pk,198222,16249711.64
3581,Lemongrass Essential Oil - 15ml,91300,1165474.53
5628,Peppermint Vitality™ - 5ml,74542,854041.96
38311,Rise Above Essential Oil - 5ml,2441,129215.36
5616,Bergamot Vitality™ - 5ml,10790,157955.97
3055,Alkalime Stick Packs - 30ct,20229,677430.28
3243,Sulfurzyme Capsules - 300ct,46955,3066589.62
45718,Inner Boost & Balance - 30ct,28473,1393064.86
3530,Cypress Essential Oil - 15ml,37504,822816.67
3282,Thieves Hard Lozenges - 30ct,148743,3116570.16
3234,BLM Capsules - 90ct,39070,1914795.53
3620,Ravintsara Essential Oil - 5ml,9002,287066.79
3074,Lime Essential Oil - 15ml,58129,796081.19
3037,Relaxation Massage Oil - 8oz,10624,423347.33
44656,"Make a Shift: Happy, Healthy Home Kit",21883,2385348.59
4475,Thieves Household Cleaner - 64oz,64702,6377384.86
3353,Evergreen Essence Essential Oil - 15ml,32726,936046.62
3738,Thieves Dentarome Plus Toothpaste - 4oz,18498,139372.79
3314,Idaho Grand Fir Essential Oil - 5ml,17998,530271.65
3742,Bath & Shower Gel - Evening Peace - 8oz,7940,257923.16
3414,Sacred Mountain Essential Oil - 15ml,10258,414813.56
5764,AgilEase - 60ct,91413,4802941.66
3554,Geranium Essential Oil - 15ml,21940,1031554.90
36248,YL Vitality Drops - Energy Variety - 4pk,12275,493578.26
5617,Black Pepper Vitality™ - 5ml,5931,126482.52
3411,Relieve It Essential Oil - 15ml,2661,141836.34
23801,Thieves Chest Rub,46010,1380220.15
19171,Mountain Savory Vitality - 5ml,2771,77161.24
46866,Multipurpose Glass Spray Bottle (AU/CA/US),4863,82437.95
5638,Juva Cleanse Vitality™,2666,153639.51
26944,Cilantro Vitality - 5ml,5946,98755.51
3849,Product Guide - 1ea,26023,101737.61
5635,Coriander Vitality™ - 5ml,3025,108499.23
32938,Haven Ceramic Diffuser - White [MFG],3812,129278.11
5623,Endoflex Vitality™,6340,89275.54
46161,Pompeii Sunrise - 10ml (CA/US),8311,290503.12
3623,Rose Essential Oil - 5ml,4320,916153.72
43776,Tropical Tango Hand Cream-Simplified by Jacob+Kait,4369,69954.89
5270,Animal Scents ParaGize - 15ml,4523,56210.71
48051,Fall Bundle 2024,6455,827453.71
3276,JuvaPower - 8oz,3565,172769.11
3118,Essence of The Season Essential Oil Collection,1747,156355.67
19175,SclarEssence Vitality - 5ml,3048,50667.49
4431,Foaming Hand Soap - Lavender - 3pk,1376,49920.67
3351,Harmony Essential Oil - 15ml,4394,343932.81
38178,"DIFFR, SHELLY THE TURTLE [MFG]",3045,137224.18
29019,2019 PSK International - 220v (Global),111,16357.73
3194,Essential Oil Sample Bottles - 25pk,519,5717.95
41961,Textured Glass Roller,59,147.00
42237,Pulsera Orquidea-YLF (EC),1,17.39
3595,Myrtle Essential Oil - 5ml,3,38.32
19367,Deep Relief Essential Oil - 15ml (CA),8,275.69
3587,Tea Tree (Melaleuca Alternifolia) - 15ml,107046,3182838.83
43953,Firming Cream - Sandalwood Boswellia (US/AUS/CA),22952,1687446.63
5633,Nutmeg Vitality™ - 5ml,5311,77267.84
21868,Baby Wipes - Calm - 6pk,6131,341414.32
3524,Clove Essential Oil - 15ml,47275,828488.49
20225,Coconut Lime Replenishing Body Butter (US/AUS/CA),13763,496329.41
3089,Melaleuca Quinquenervia Essential Oil - 15ml,6494,233402.89
3272,Essentialzyme - 90ct,26749,1220435.67
44098,Aromaconnect Lunamist Plug In Diff. [MFG] (US/CA),19531,1308939.31
3298,Pure Protein Complete - Chocolate,18941,1408765.88
43941,Season Essentials - 15ml,29637,1246782.25
3330,Dream Catcher Essential Oil - 15ml,4672,383516.11
3342,Gathering Essential Oil - 5ml,3230,109006.76
37367,Geranium Bourbon Essential Oil - 5ml,8407,222884.09
46842,Thieves Multi-Purpose Cleaning Wipes (AU/CA/US),15970,296249.84
28857,Shampoo - Lavender Mint Daily - 8oz/236ml (US/AUS),14927,398752.73
3430,Valor Essential Oil - 5ml,18938,839216.00
5589,Jade Lemon Vitality™ - 5ml,7737,96361.01
41611,Silicone Oil Holders - Navy,889,8757.52
27228,Shampoo - KidScents - 8oz (US/AUS/CA),16026,298668.13
39851,Balance Mattifying Lotion (US/AUS/CA),9776,378703.45
5630,Tangerine Vitality™ - 5ml,9375,81409.75
3408,Release Essential Oil - 15ml,12615,544843.28
24552,Einkorn Berries - 5lb,3912,66604.32
27396,Caraway Vitality - 5ml,2381,22366.14
5583,Basil Vitality™ - 5ml,5590,69256.02
19651,Sacred Sandalwood - 5ml,5532,602448.90
46584,Pink Champagne Roll On - 10ml (CA/US),15681,546896.82
26670,2019 PSK w/Desert Mist Diffuser - US Spanish,448,71342.69
5351,Thieves Aromabright Toothpaste 2oz - 5pk,5217,169714.41
46832,Deepspectra Phyto Nutrition - 30ml,16487,1066602.39
42669,Black Ginger PMF (JP),201,5677.78
3033531,Ortho Ease Massage Oil - 8oz (EC/CO),32,448.74
41536,Wings Essential Oil - 5ml,350,37623.18
48107,Inner Beauty Reset Kit,571,101097.83
3617,Petitgrain Essential Oil - 5ml,1889,74838.08
3311,Australian Blue Essential Oil - 15ml,1476,112535.43
39975,Monkey Stuffie Collection,1353,47323.02
47102,Einlife - 20pk,1116,59114.35
25265,Cuentas Profesionales - 10pk,25,86.58
4663,Stress Away Essential Oil - 5ml,86,812.63
21915,Desert Mist Diffuser (ID),1,21.70
25215,D. Gary Young Commemorative Collection,28,1585.81
38680,Gua Sha Tool [Beauty School],42,420.00
3526530,NingXia Red Individuales 60ct,6,992.72
30701,Collagen Complete - 10pk (JP),41,1055.48
48581,Oils & Iron T-Shirt - 2XL - Evergreen,2,48.98
26372,NXR SHOT GLASS FOR ER,55,311.67
43740,Facial Set,11,477.10
5766,Live Your Passion - 5ml,8,498.83
39769,Foaming Hand Soap - Lushious Lemon - 3pk (SG),1,34.42
30712,Collagen Complete - 10pk (TW),2,97.12
528037,YL Eva Case with Green Logo (PH),1,14.22
35699,YL Vitality Drops - Energy Spearmint Tanger - 48ml,47,510.04
34421,Snowy the Owl Diffuser [MFG],12356,286439.37
4472,Stress Away Roll-On - 10ml,15320,508425.21
46745,Pines Present Time (MX),54,661.32
31088,One Heart - 5ml,2178,104279.00
37050,Life Essentials II Kit,262,36144.73
25067,Savvy Minerals By YL Blending Sponge (Global),2285,41013.90
30267,Bloom Brightening Lotion (US/CA),7010,584697.66
3523,NingXia Red 2oz Singles - 90ct,2805,790062.01
4901,Amoressence -  5ml,153,4284.00
3575531,Lavender Essential Oil - 15ml (EC/CO),100,981.89
5142515,Thieves Waterless Hand Sanitizer - 7.6oz (SG/MY),1,27.66
27588,Lavender Vitality™ - 15ml (KR),8,188.46
3674531,Foaming Hand Soap - Thieves - Single (EC/CO),81,332.06
3304,Marjoram Essential Oil - 5ml,13,98.95
502806,Lavender Floral Water - 110ml,3,42.00
47135,Wanderful Diffuser (KR),45,2877.66
46895,Thieves Cough Drops Twin Pack (SG),8,330.27
48547,PSK - Winter Bundle,2602,350535.70
41684,Acrylic Oil Holder,12,440.80
30250,Shot Glasses de NingXia Red (EC),9,17.28
3031515,V-6 Vegetable Oil Complex - 8oz (SG/MY),1,23.72
30943,Foaming Hand Soap - Lushious Lemon (EU),11,191.05
367411,Foaming Hand Soap - Thieves - Single (MX),23,313.40
33499,Cassia Essential Oil - 15ml,7,160.94
387005,Glass Nebulizer of YL Round Diffuser GD36 (JPN),2,31.24
5100,Shampoo - Lavender Volume - 8oz,1,25.81
7646,YL Aroma Pendant - 316L,5,155.51
27258,IlluminEyes - 30ct (HK),11,485.14
25339,Concealer Brush (Global),1,6.70
35180,PSK w/Feather Diffuser (MX),6,792.32
46336,Set Sleeping Time (MX),1,40.25
3586,Melaleuca Alternifolia Essential Oil - 5ml,1,10.24
326602,Thieves Spray - 29.5ml - 3pk (AUS),4,94.11
4927,Easy Fill Pipettes - 15ct,4,9.00
42424,Set Dewdrop Contigo (MX),6,927.87
489308,Essential Rewards Kit - NingXia Red,7,1495.08
4904,Bar Soap - Lavender Oatmeal - 3.5oz,7,103.63
44594,Foaming Hand Soap Refill - Christmas Spirit,9,352.69
37544,PSK W/Aria Diffuser (EU) [Polish],1,270.69
46157,Evento Present Time General (MX),2,151.26
303111,V-6 Enhanced Vegetable Oil Complex - 236ml (8oz),14,328.98
46737,Essential Oil Roll-On - 5pk (TW),3,26.49
48244,Ningxia Noel (EU),3,601.75
38700,YL Reusable Dish Cloth - 2pk,1,8.50
30908,NingXia Red Essential Reward Dual Pack Kit (JP),1,159.26
43602,Blue Relief Essential Oil - 5ml (EU),2,61.02
48575,Oils & Iron T-Shirt - Medium - Evergreen,4,151.05
20149,Amber Glass Bottle - 16oz,7,43.75
48021,Kit de Inicio Básico (MX),2,72.33
47152,Thieves At Home Set (SG),1,66.13
21839,Desert Mist Diffuser (EC/CO),4,108.40
5641,Roman Chamomile Vitality - 5ml,2,21.38
507815,Lavender Lip Balm Trio,1,14.85
46788,Set 6 Boletos de Evento Transformation (MX),1,436.40
3323,DiGize Essential Oil - 5ml,6,83.37
39529,Orange Creamsicle - 10ml (US/CA),1,27.63
48836,Set Lavender Lips (CR),1,10.90
38469,Black Bag - Unwoven (JP),2,2.96
47387,Lushious Lemon Collection (MX),1,76.75
45756,Large Paper Bag (PH),1,1.06
26245,Silver Tote (CA),57,105.23
25153,Citrus Fresh Energizing Shower Steamers (US/AUS),4,55.62
46388,Set Holiday Oils (MX),7,435.74
27431,Olive Essentials - 30ct (UK),2,72.23
25355,Bronzer Brush (Global),1,7.77
27395,IlluminEyes - 30ct (UK),1,35.96
48686,Set Labios Suaves (MX),1,14.99
303199,V-6 Vegetable Oil Complex - 8oz [MFG],2,40.68
362138,Thieves Waterless Hand Purifier - 1oz (ZA),2,6.80
27333,Reusable Shopping Tote (Global),70,51.69
303137,V-6 Vegetable Oil Complex - 8oz (PH),2,51.34
471003,Ningxia Red Combo Pack,1,152.83
47957,Set Regala a Mamá (CR),1,28.08
46351,Fresh And Festive Starter Bundle,1,130.00
48006,Chuseok 4 - Essential Protein Bundle (KR),1,101.45
5711,Bar Soap - Shutran™,1,9.00
35930,Ecuadorian Lemongrass - 15ml,1,15.75
27257,IlluminEyes - 30ct (SG),3,97.01
47007,Simply Essential Duo (ZA),1,13.79
48258,Kitchen Magic (EU),1,50.23
520329,Lip Balm - Lavender (HK),1,5.75
46806,Candy Cane Body Butter & Salt Scrub Collection(SG),1,56.01
3503,Bergamot Essential Oil - 15ml,42431,1292608.97
21558,Desert Mist Diffuser,25771,762553.85
3575,Lavender Essential Oil - 15ml,623939,16785898.79
29423,Conditioner - Lavender - 8oz/236ml (AU/SG/US),19504,516820.90
3596,Myrtle Essential Oil - 15ml,5677,171580.88
28972,Super Vitamin D - 120ct,92123,2998802.37
29411,Shampoo - Lavender - 8oz/236ml (AU/SG/US),40475,1074173.80
3295,Inner Defense – 30 Softgels,199739,6051313.18
3242,Super C Tablets - 120ct,50652,1672770.03
3579,Ledum Essential Oil - 5ml,5110,362227.22
3077,Palmarosa Essential Oil - 15ml,5345,120698.20
27201,IlluminEyes - 30ct,84484,3102894.47
4524,Aria Ultrasonic Diffuser,4675,1082320.44
41946,Bar Soap - Valor - 3.5oz (US/AUS/CA),23135,321280.31
5587,Frankincense Vitality™ - 5ml,49418,1679268.81
20837,Veil Brush,19784,82405.67
3085,Citronella Essential Oil - 15ml,25042,560817.78
3533,Tranquil Roll-On - 10ml,28147,926045.71
44784,Stress Away 2023 Roll-On - 10ml (SG/US),5892,196554.74
5327,Peace & Calming II- 5ml,40587,952774.39
5308,KidScents Owie - 5ml,7498,258120.73
4893,NingXia Red Loyalty Rewards,89952,18238394.87
3605,Oregano Essential Oil - 15ml,50102,1601783.35
5322,Manuka - 5ml,6662,272179.56
20671,Lavender Calming Bath Bombs,16969,486524.21
20194,Thieves Dentarome Ultra Toothpaste,28684,287511.82
3500,Basil Essential Oil - 15ml,19125,532518.23
5149,YL Lip Balm Trio,15041,199393.14
3206,FemiGen Capsules - 60ct,36605,952508.99
20210,ART Beauty Masque - 4pk,939,50171.73
4570,Yacon Syrup - 8oz,770,32170.19
4560,Slique Tea - Ocotea Oolong Cacao - 25ct,9879,223046.50
47668,Simplified by J+K - Pumpkin Spice - 10ml (CA/US),21136,739961.39
19501,Gary's True Grit Einkorn Granola - 3pk,5227,120265.36
20404,Baby Wash - Calm,28741,714790.41
28473,Cool Mint CBD Oil - 1000mg,3169,472262.40
35191,Business Essentials Kit,3219,3115.95
5662,Core Vitality Case - Yellow,2079,8323.12
25673,Australian Kuranya - 5ml,971,47147.37
43398,Kdscnts Little Oilers PSB w/ Sprout the Puppy,1306,195019.14
32594,Lucia Artisan Diffuser [MFG],831,28952.15
3100,Premier Aroma Collection,49,114175.92
38276,One Voice Collection [MFG],137,12214.97
28475,Cinnamon CBD Oil - 1000mg,2538,340659.45
42254,Simplified by Jacob+Kait-Winter Collection(US/CA),499,49314.91
22150,Apron [Beauty School],50,750.00
362176,Thieves Waterless Hand Purifier - 1oz (TW),2,12.29
39052,Balance Complete (JP),36,746.72
30557,PSK KidScents Little Oilers [MFG],11,915.30
44324,100ml Spritzer (US/CA),11,158.08
3040,Ningxia Red - 750ml - Single Bottle,17,673.60
42666,Black Ginger PMF (SG),97,2832.51
27640,Baby Wipes - Calm - 3pk (EU),1,31.28
41036,Dual Roller Bottles - 3pk,22,240.00
26298,Freight Shipping Charge,373,373.00
35107,YLK Eco Bag (KR),1,14.50
4630,Stress Away Essential Oil - 15ml,101477,3377108.54
4574,KidScents - Toothpaste,46086,381697.47
3599,Nutmeg Essential Oil - 5ml,16119,234177.06
46964,Super Magnesium,51338,1691259.49
4760,SleepEssence - 30 Capsules,36989,1032909.19
3086,German Chamomile Essential Oil - 5ml,6901,285821.19
3080,Cardamom Essential Oil - 5ml,6599,190265.11
20428,Baby Wipes - Calm,14440,139111.37
48380,Cheery Home Collection,1714,186512.24
5622,Dill Vitality™ - 5ml,5893,106409.89
3751,Bath & Shower Gel Base - 8oz,23925,428166.77
3390,PanAway Essential Oil - 15ml,25767,2315289.69
5360,ART Refreshing Toner - 120ml (AU/US),18425,506348.36
5619,Citrus Fresh Vitality™ - 5ml,20211,165788.20
3352,Tsuga Essential - 5ml,2850,78052.75
32209,Orange Rose Hip Black Tea Set,3613,120219.63
3081,Carrot Seed Essential Oil - 5ml,6677,165489.09
37985,Balance Cleanser (US/CA/AUS),5598,134405.02
533011,Dewdrop Diffuser (MX),88,3053.33
27399,Cumin Vitality - 5ml,2759,39725.41
3090,EndoGize - 60 Caps,8259,403440.15
3321,Clarity Essential Oil - 15ml,8664,401983.51
41592,Silicone Oil Holders - Green,1962,19282.86
32637,KidScents Owie Roll-On - 10ml,5181,217155.52
4744,Sacred Angel Essential Oil - 15ml,3203,205477.38
3354,Humility Essential Oil - 5ml,2323,69565.05
19804,Excite Essential Oil - 5ml,1006,60374.27
5763,Select 30™ Oil Collection,103,44051.00
5710,Shutran™ Aftershave Lotion,867,25789.16
25841,Liquid Concealer - Medium 2 (US/CA/AUS),1520,47521.88
49194,For the Love of Lemons: Fresh Start Diffuser,373,50220.00
5240,D. Gary Young Foundation Donation,46721,467.21
30842,Foaming Hand Soap - Lushious Lemon - 3pk,1015,48408.96
36366,Liquid Foundation - C20 (US/CA/AUS/NZ),76,3029.40
49463,Premium Starter Bundle with Adobe Mist Diffuser,597,94858.55
9940,"CD - ""Creating Something to Believe In""",293,802.24
5779,Einkorn Granola Brochure - 25pk,293,286.08
557811,Club NingXia Red ER Kit (MX),87,9226.85
3549,Frankincense Essential Oil - 5ml,106,1364.53
3045531,NingXia Red - 6pk (EC/CO),1,215.50
3344,Citrus Fresh Essential Oil - 5ml,56,486.93
41363,Roller Round About Case,7,99.00
49021,Resolution Reset: 30 Day Living Young - Level 3,136,38465.34
3056,Slique CitraSlim - 15 Dual Packs,19,773.14
47098,Okinawa Yanbaru Farm T-Shirt - Navy S (JP),4,104.12
47920,Tactical Bag - Khaki,5,75.00
220115,Pump - Foaming Dispenser - 40mm,197,78.80
46986,Set Esenciales De Primavera (MX),3,132.40
3429,Valor Essential Oil - 15ml,33,2376.36
41550,Melissa [St. Marie's 30th Anniversary]-5ml,4,540.00
35700,Brush - Mop Head,1578,3533.12
42695,PSK Básico con Difusor Snowy Diffuser (MX),37,3597.37
28992,Conditioner-Lavender Mint Daily-8oz/236ml (US/AUS),1827,48798.22
3622,Thieves Waterless Hand Sanitizer - 3pk,5006,79060.34
469599,AromaLux™ Atomizing Diffuser [MFG],2769,86097.59
3208,ICP - 8oz,4515,134250.91
39212,Einkorn Cookbook [2021],923,16605.24
40021,Bloom Collection,566,55933.00
49019,Resolution Reset: 30 Day Living Young - Level 1,1696,166117.91
36358,Liquid Foundation - N5 (US/CA/AUS),315,12774.55
5260,Dewdrop/Desert Mist Ultrasonic Plate & Key Set,126,781.11
28479,CBD Muscle Rub - 600mg,62,4957.88
3422,Thieves Essential Oil - 5ml,75,580.21
5402,Fan Brush,100,200.00
43364,Miel Organica YLF (EC),24,421.12
4095,MyYL Website,5,49.75
43689,Valor EO - Convention 2023 - 5ml (US/CA),17,656.39
41341,Mauve Shaker Bottle,12,112.00
47105,Okinawa Yanbaru Farm T-Shirt - L (JP),8,208.24
21695,Desert Mist Essential Oil Diffuser (SG/MY),1,63.61
48123,Adobe Mist Diffuser (EU),1,31.50
33797,Bloom Collagen Complete Set - 30pk,6,560.23
321461,JuvaTone Tablets - 150ct (EC),14,169.95
3370,M-Grain Essential Oil - 5ml,9,164.43
20401,Diaper Rash Cream (CA),3,60.18
36105,Ember Diffuser Set (EC),7,212.50
44646,All-in-One (WYS700 POU),5,2895.00
9360,Book - The One Gift,3,80.25
35817,Shipping Fee - First 3kg (HK/MO),10,44.78
304427,NingXia Red - 4pk (CR),6,910.03
32112,Hogar Set (MX),3,312.15
5660,Core Vitality Case - Teal,3,24.00
28704,YL Vitality Drops - Grapefruit Bergamot - 48ml,5,55.00
47633,Set Papa Activo - Chocolate (MX),2,128.40
367408,Foaming Hand Soap - Thieves - Single (UK),2,34.26
522703,Orb™ Diffuser (CA),3,14.96
48553,Oils & Iron Cap - Black,14,363.94
503006,Wild Lavender - 5ml (FR),45,777.86
21284,Fulfill Your Destiny Essential Oil - 5ml,2,17.38
46742,Set - 5pk Guía de Producto 2024 (MX),16,64.53
32672,Bloom Brightening Cleanser (UK/AT),3,123.04
27957,Bottle Opener (JP),3,17.74
507715,3pk Slique Tea,3,196.09
48562,Oils & Iron T-Shirt - 3XL - Black,1,35.00
527937,Hard Foam Carrying Case - Holds 30 Oils (PH),3,101.69
303510,Cel-Lite Magic Massage Oil - 236ml (AT),1,36.68
35181,PSK w/Lantern Diffuser (MX),4,685.00
37223,Incan Melissa Essential Oil - 5ml,8,465.00
489705,NingXia Red Essential Rewards - 2pk,3,222.64
30706,Collagen Complete - 10pk (PH),2,85.04
37353,PSK W/Desert Mist Diffuser (EU) [German],1,167.01
3361,Dream Catcher Essential Oil - 5ml,3,54.37
47493,PSK w/Haven Diffuser (EU) [Polish],1,172.94
47712,Set Verano Con YL (MX),3,139.63
27709,Sweet Aroma Diffuser [MFG],1,44.50
533099,Dewdrop Diffuser [MFG],51,1212.45
10069,$8 YL Gear,1,8.00
3379,Melrose Essential Oil - 5ml,2,12.96
24153,Basic Oil Kit x3 (EC),1,28.50
42704,Lavender Hand Cream - 1oz (SG/MY),5,55.29
25178,Booklet - Raindrop Kit - 10pk (JP),2,5.21
27688,Grapefruit Vitality™ - 15ml (KR),2,36.31
3677,Bar Soap - Peppermint Cedarwood - 3.5oz,2,37.74
48571,Oils & Iron T-Shirt - Small - Evergreen,2,81.05
364302,Foaming Hand Soap - Thieves - 3pk 236ml,2,70.24
42281,YL Thieves Scrubby Brush (EU),2,16.71
48579,Oils & Iron T-Shirt - XL- Evergreen,1,22.04
49240,Set Bienestar con NingXia Red (MX),3,353.57
44217,White Shaker Bottle,7,31.92
47340,OmegaGize 3 Twin Pack (SG),1,122.09
41331,Navy Water Bottle,4,90.00
47367,Super Vitamin D - 3pk (SG),1,69.17
30532,Master Formula Essential - 30 Sachets (JP),2,100.90
302415,3pk - BLM 90 capsules,2,279.18
48554,Oils & Iron T-Shirt - Med - Black,1,35.00
27684,Frankincense Vitality™ - 15ml (KR),1,68.95
367499,Foaming Hand Soap - Thieves [MFG],1,12.76
3680,Bar Soap - Valor - 3.5oz,1,7.00
303329,Ortho Ease Massage Oil - 236ml,1,48.23
42385,Shell Ginger Essential Oil - 5ml (JP),1,48.16
41714,Finca Botanica Farm-The Collection (EC),1,155.25
26740,AgilEase - 3pk (SG),2,293.46
46588,Inner Joy (EU),1,44.13
48342,Set ER Reset (MX),2,207.22
5257,USB Cord Replacement - Orb-Ultrasonic USB Diffuser,1,1.50
48895,Set Gratitud (MX),5,161.24
48590,Oils & Iron T-Shirt - Small - Gray,1,35.00
3679,Bar Soap - Thieves - 100g,2,12.00
44732,Bloom Collagen - 2pk (ZA),1,57.19
30022,Spiced Turmeric Herbal Tea,2,67.00
47982,Complexion Booster Face Mask (EU),1,68.11
47937,Luna Mist Bundle (PH),4,271.56
3683,Thieves Fresh Essence Mouthwash - 8oz,244603,3099819.01
47627,Orange Truffles Lip Mask (CA/US),12700,231439.29
20454,Satin Facial Scrub - Mint (US/AUS/CA),52776,996871.27
5631,Thieves Vitality™ - 5ml,65226,1069217.00
30948,Foaming Hand Soap - Lushious Lemon - Single,38461,612682.26
46590,Make a Shift Reset Kit,89653,11401776.74
3594,Foaming Hand Soap Refill - Thieves - 32oz,121032,5133433.04
3534,Deep Relief Roll-On - 10ml,173961,5283975.16
41974,Bar Soap - Lavender Oatmeal (US/AUS/CA),41806,499098.59
3398,Peace & Calming Essential Oil - 5ml,82129,3176245.31
3593,Myrrh Essential Oil - 15ml,11997,877876.93
36014,Daily Prebiotic Fiber,26020,1108444.73
5167,Shampoo - Animal Scents - 8oz,12391,226339.06
5305,KidScents TummyGize - 5ml,17047,244544.26
3348,Grounding Essential Oil - 5ml,16509,334692.85
3563,Helichrysum Essential Oil - 5ml,33743,3217598.18
37319,Lushious Lemon Essential Oil - 15ml,13044,553822.88
42763,NingXia Red Starter Bundle [V-KIT],47663,6839522.25
4093,MyYL Website,51769,555109.55
3213,ImmuPro Chewable Tablets - 30ct (US/SG),36397,1414838.02
3275,CortiStop Women's Capsules - 60ct,49080,3063190.13
3597,Eucalyptus Blue Essential Oil - 5ml,17956,306677.14
3327,Dragon Time Essential Oil - 15ml,9886,550380.92
3369,Into The Future Essential Oil - 5ml,3270,97828.95
4463122,Thieves Dental Floss - Single,35568,132741.73
41948,Bar Soap - Thieves - 3.5oz (US/AUS/CA),52227,623499.44
3566,Hyssop Essential Oil - 5ml,6825,197636.13
5632,Copaiba  Vitality™ - 5ml,13227,325268.64
26945,Feather Diffuser [MFG],7597,165752.83
47134,Lavender Legacy Collection,976,119114.44
46967,Thieves Multipurpose Wipes Collection (AU/CA/US),13280,466388.30
4710,Ningxia Red Combo Pack,17508,2978442.30
20840,Blending Brush,1210,16850.47
5156,Mirah Shave Oil (US/AUS),10406,271945.91
5269,Animal Scents Mendwell - 15ml,3525,70629.04
4746,Royal Hawaiian Sandalwood - 5ml,4431,469690.04
3387,M-Grain Essential Oil - 15ml,11249,563628.70
46141,Pink Champagne Foaming Hand Soap Refill 2pk(US/CA),11614,324748.33
27352,Davana Essential Oil - 5ml,2556,112138.04
4658,Xiang Mao Essential Oil - 5ml,1717,52202.71
43915,Ignite Your Journey - 5ml (US/CA),2190,97146.32
3091,Common Sense Essential Oil - 5ml,2461,97178.49
19072,Booklet - Thieves Cleaner - 25pk,1292,5614.47
3137,Raindrop Technique Essential Oil Collection,5110,758208.66
44232,Diffuser Charging Pad,997,55728.90
3115,Cleansing Trio Kit,3210,322204.53
47898,YL30 All In Bundle,1439,915140.40
28259,Adapter - Feather Diffuser,1,6.25
48810,Set Sueño Profundo (MX),1,43.77
39724,Blue Relief Essential Oil - 15ml (KR),8,303.68
5281,YL Eva Case with Blue Logo,6,109.50
20406,Baby Wash - Calm (CA/AUS/MX),4,84.71
21835,Desert Mist Diffuser (MX),3,225.02
40908,Silicone Holder Set - Cream - 3pk [MFG],7,70.00
48514,Tactical Kit - Green,38,1065.90
5140,Thieves Mints - 3pk,5583,218651.42
3372,Joy Essential Oil - 15ml,36043,1703873.54
46160,Tunisian Blossom - 10ml (US/CA),12093,420842.60
3324,DiGize Essential Oil - 15ml,68987,2537102.79
3415,Raven Essential Oil - 5ml,1791,26968.07
4645,Essentialzymes 4 - 120ct,26498,1494215.27
5595,Spearmint Vitality™ - 5ml,10195,126323.20
3093,Idaho Blue Spruce Essential Oil - 5ml,19773,646544.85
44354,Fresh Start Diffuser [MFG],3197,96443.99
3204,ComforTone Capsules - 150ct,18968,738531.66
4578,AromaGlide Roller Fitments - 10pk,14236,158214.04
4586,Slique Essence - 15ml,7287,217129.27
20631,Shutran™ 3-in-1 Men's Wash - 3oz,5545,98728.83
25155,Easy Breeze Awakening Shower Steamers (US/AUS),5000,111348.21
3360,Inner Child Essential Oil - 5ml,4814,162845.18
5637,German Chamomile Vitality - 5ml,1896,78727.48
20843,Contour Brush,3446,17236.41
48383,Tidy & Bright Collection,1799,193950.68
43229,Premium Aroma Loyalty Bundle,1766,234483.15
27206,MegaCal - 450g [2019 Formula],842,35900.54
3358,Clarity Essential Oil - 5ml,2269,37383.07
5618,Carrot Seed Vitality™ - 5ml,2312,57226.48
28923,2019 PSK Military Base,257,41419.94
36364,Liquid Foundation - W17 (US/CA/AUS/NZ),130,5273.73
37859,One Voice Essential Oil - 5ml,756,39971.94
3396,Present Time Essential Oil - 5ml,847,82203.64
41334,Cream Water Bottle,6,120.00
3707,Sensation Hand & Body Lotion - 8.6oz,1007,29959.32
32205,Vanilla Lemongrass Green Tea Set,295,9865.75
33860,Ecuadorian Oregano - 15ml,957,31801.26
38698,GPO Aroma Recovery Essentials Kit,315,85658.48
43317,Buff Finca (EC),3,26.33
364311,Foaming Hand Soap - Thieves - 3pk,60,2192.29
3031531,V-6 Vegetable Oil Complex - 8oz,39,299.24
44377,Candy Cane - Body Scrub (US/CA),2,48.34
48745,Ocotea Hydrolate Splash - 250ml (EC),6,104.34
37784,Moon Oil Bottle Stand (Global),3,21.00
3045530,Ningxia Red - 6pk (MX/EC/CO),1,182.32
36197,Foaming Hand Soap - Christmas Spirit w/Pump,3,48.00
19262,Life 9 - 30ct (CA),2,56.38
5196,Copaiba [Topical/Aromatic] - 5ml,4,76.09
452411,Aria Ultrasonic Diffuser (MX),7,1642.96
40325,Starter Bundle - NingXia Red [NFR],11,1595.00
46787,Cena De Gala Transformation (MX),5,383.62
3373,Highest Potential Essential Oil - 5ml,4618,185834.11
38472,Cotton Tote Bag (JP),26,34.03
48016,Wanderful Atomizing Diffuser - Ivory [MFG],2949,160788.75
47900,Rest And Renew Reset Kit,2335,467904.36
48503,Taza de Cristal (MX),42,378.08
48583,Oils & Iron T-Shirt - Lrg - Blue,3,105.00
46512,Set Cozy Chai (MX),23,1302.65
409303,MyYL Website (CA),7,50.73
41435,YL Reusable Canvas Bag Medium (PH),16,20.94
30745,Foaming Hand Soap - Lushious Lemon [MFG],23,350.14
37378,Palo Santo Essential Oil - 5ml [Finca Botanica],18,335.84
48557,Oils & Iron T-Shirt - Lrg - Black,10,372.64
38426,Set Inhalacion Refrescante (EC),1,41.50
409315,MyYL Website (SG),4,40.28
28478,Calm CBD Roll-On - 300mg,1115,68491.21
29605,Illuminize - 30ct (MX),31,961.88
3573,Lemon Essential Oil - 5ml,73,265.26
48555,Oils & Iron Cap - Army,12,288.47
47106,Okinawa Yanbaru Farm T-shirt - Pink L (JP),5,130.15
3044515,NingXia Red - 4pk (SG/MY),5,758.83
47095,Okinawa Yanbaru Farm T-shirt - Navy - XXL (JP),7,182.21
26266,Parsley Vitality - 5ml,4,64.67
31117,Foaming Hand Soap - Christmas Spirit (EC/CO),5,21.25
3338,Exodus II Essential Oil - 5ml,18,473.08
46509,Super Cal Plus - 3pk (SG),1,88.49
303303,Ortho Ease Massage Oil - 8oz,2,66.13
20408,Baby Wash - Calm (UK/AT/SE/HK),2,49.62
4710515,Ningxia Red Combo Pack (SG),4,759.10
497715,3pk - OmegaGize,1,183.76
36610,Porta Aceties (MX),5,73.92
46656,Camiseta Color Blanco Palo Santo YLF (EC),1,17.39
32159,Citronella Wellness Essential Oil - 5ml (EU),4,46.46
33421,PSK W/NingXia Red (CR),1,141.34
47116,Set Shelly The Turtle (MX),6,407.86
21257,Essential Brush Set,1,21.25
304237,NingXia Red - 2pk (PH),1,72.45
40320,2019 PSK w/Desert Mist Diffuser [NFR],6,990.00
3046530,Ningxia Red - 8pk (MX/EC/CO),3,651.40
3335,En-R-Gee Essential Oil - 5ml,1,3.38
46982,Set Hello Spring (MX),3,152.55
29023,Shampoo - Copaiba Vanilla - 236ml (CA),1,23.29
35352,"FOAM HND SOAP, LUSH LEMON",1,3.69
25280,Mi Linea Thieves (MX),2,202.36
47088,Ningxia Red PSK (CR),1,164.47
393937,Essential Oil Bottle Labels (PH),1,2.66
44789,Macaron Diffuser Set (EU),2,56.67
46609,D-Lightful Deals (SG),1,54.87
30287,Bloom Brightening Cleanser (JP),1,35.21
31100,YL Vytalyte Drops - Lavender Lemon 2pk (CA),3,40.26
34740,NingXia Red Starter Bundle (ZA),1,75.21
30698,Collagen Complete - 10pk (SG),1,46.63
47824,DiGize EO Twin Pack (SG),1,56.56
3033515,Body Ease Massage Oil - 8oz (SG/MY),1,34.82
47713,Set Esenciales II (MX),1,38.50
33704,NingXia Shot Glass [Beauty School],2,4.00
48551,Oils & Iron T-Shirt - XSM - BLK,1,46.05
43365,Lshpingo YLF - 5ml (EC),10,1046.29
39184,True North Hoodie - Tan - XL (CA),2,69.08
443008,Foaming Hand Soap - Lavender - Single,2,23.07
44645,All-in-One Water Treatment System (SYS-POU250),2,918.00
48589,Oils & Iron T-Shirt - 3XL - Gray,1,35.00
303369,Ortho Ease Massage Oil - 8oz (KR),2,71.75
303399,Ortho Ease Massage Oil - 8oz [MFG],3,91.59
47679,NingXia Red Singles - 60ct W/Black Ginger (PH),1,180.55
41628,One by Young Living Collection,1,134.89
5341,Gentle Mist Personal Diffuser [MFG],1,46.67
39623,Mini Aria Collection,1,190.75
19372,Sulfurzyme Capsules - 3pk (AUS),1,80.70
475715,Super C Tablets - 120ct - 3pk (SG),1,96.47
367403,Foaming Hand Soap - Thieves - Single (CA),1,13.14
364308,Foaming Hand Soap - Thieves - 3pk,1,53.97
41666,OmegaGize³ Essential - 60 Softgels (HK),1,56.89
21294,Lipstick - Wish,1,14.25
3528,Breathe Again Roll-On - 10ml,56870,1674428.89
3251,Super C Chewable Tablets - 90ct,52859,1925712.88
3431,Copaiba Essential Oil - 15ml,41839,2036239.97
46771,Wake Up Light Diffuser (AU/CA/US),3403,632012.73
30998,Digest + Cleanse - 30ct,13704,431924.66
3044,NingXia Red - 4pk,95877,13986879.85
3626,Rosemary Essential Oil - 15ml,83660,1493540.18
32953,CBD Beauty Boost,18245,1548109.74
3241,Sulfurzyme Powder - 8oz,37300,1946885.58
3648,Valerian Essential Oil - 5ml,8973,379759.28
3515,Cinnamon Bark Essential Oil - 5ml,55678,1521190.33
3030,V-6 Enhanced Vegetable Oil Refill  - 32oz,4330,241194.35
3318,Citrus Fresh Essential Oil - 15ml,88833,1554506.64
3033,Ortho Ease Massage Oil - 8oz,14828,546680.18
46947,Thieves Dishwasher Tablets (AU/CA/US),24462,640525.01
20438,Baby Lotion - Calm,18722,367112.22
3638,Spearmint Essential Oil - 5ml,38480,476620.17
3249,LavaDerm Cooling Mist - 2 fl oz,20659,324321.66
3651,Vetiver Essential Oil - 5ml,24221,567548.56
5362,ART Light Moisturizer 1oz/30ml (US/AUS),19456,1308455.04
5178,Lip Balm - Grapefruit,67660,319037.36
32540,KidScents Unwind - 25pk,20599,884254.17
3333,Endoflex Essential Oil - 15ml,31370,963068.50
34347,Detoxzyme - 90ct (US/SG),19260,848183.47
3709,Rose Ointment - 0.86oz,19130,517831.64
23795,Maximum Strength Acne Treatment,17109,497388.20
5330,Dewdrop Diffuser,101778,903531.21
29029,Conditioner- Copaiba Vanilla -8oz/236ml (US/AUS),28098,751100.35
35061,Charcoal Mask (US/CA/AUS),8184,347839.98
3374,JuvaFlex Essential Oil - 5ml,5175,165682.10
48538,Muscle & Joint Roll-on W/Full-Spectrum Hemp,7300,576645.94
39673,YL Holiday Car Air Fresheners,2103,10444.15
20398,Diaper Rash Cream,17796,414773.18
4835,Shutran™- 15ml,4150,350503.85
19168,GLF Vitality - 5ml,1776,125646.04
26656,2019 PSK with Aria Diffuser,5205,1388163.41
46253,Set Make a Shift Thieves (MX),91,6524.53
44655,Make a Shift: Daily Wellness Kit,16187,1798372.95
4579,Slique Gum - 8ct,10332,92342.22
27739,Thieves Whitening Toothpaste Sachets - 10pk,2677,20795.55
47099,Einlife - 5pk,859,11367.16
3060,Transformation Essential Oil - 15ml,2981,231457.71
5331,Rainstone Diffuser,1193,226890.91
30525,PSK KidScents Little Oilers,1827,259153.64
5503,Deep Relief Essential Oil - 5ml,2,32.00
25016,"Seedlings Basket, Towel & Washcloth",845,23400.78
41457,Everyday Glow Bundle,600,79434.07
42021,September Roller Set,24,165.20
3568,Ylang Ylang Essential Oil - 5ml,60,436.29
220173,Pump - Massage Oils - Black,24,19.81
42351,Okinawa Shell Ginger Essential Oil - 5ml (KR),10,505.43
22170,Lavender Honey - France Farm,6,143.05
48595,Oils & Iron Cap - Blue,7,150.00
46877,Universidad YL (MX),2,28.55
35086,Cassia Essential Oil - 5ml [Biblical],25,571.77
3560,Grapefruit Essential Oil - 15ml,61371,1175124.82
26019,Seedlings Calm - 5ml,31645,445678.88
30662,Thieves Kitchen & Bath Scrub,69482,1100104.50
3300,Abundance Essential Oil - 15ml,13594,580582.64
5436,Cool Azul Sports Gel,10158,463871.09
41949,Bar Soap -Peppermint Cedarwood - 3.5oz (US/AUS/CA),34308,409115.10
3644,Tangerine Essential Oil - 15ml,30812,570554.54
3550,Sacred Frankincense Essential Oil - 5ml,19541,945279.77
3125,Feelings Kit - Essential Oil Collection,1825,352568.01
32638,KidScents KidPower Roll-On - 10ml,4347,159289.09
3589,Melissa Essential Oil - 5ml,2176,380380.68
36247,YL Vitality Drops - Energy Jade Lemon Berry- 3pk,12632,378810.75
4774,Peace & Calming Essential Oil Sample - 10ct,5546,62264.99
48384,Cheery & Bright All In Collection,1070,261497.54
41094,Simplified by Jacob+Kait-Summer Collection (US/CA),6049,586864.47
30316,Bloom Brightening Essence (US/CA),5645,301838.42
3078,Angelica Essential Oil - 5ml,4744,237099.60
4749,AromaEase™ Essential Oil - 5ml,4951,196501.33
3371,Joy Essential Oil - 5ml,3953,65774.92
42032,Simplified by Jacob+Kait - Fall Collection (US/CA),624,55251.00
3522,Australian Ericifolia Essential Oil - 5ml,1618,63659.65
3519,Cedarwood Essential Oil - 5ml,7,36.42
4880,Resin Burner,1439,53709.00
38248,Jade Gua Sha Stone (Global),1199,11936.61
37049,Life Essentials 1 Kit,153,32750.83
28472,Cool Mint CBD Oil - 500mg,853,44964.95
3612,Pine Essential Oil - 5ml,2082,13372.72
5020,Book - Ancient Einkorn: Today’s Staff of Life,591,4124.23
38609,Sweet Maple Bath Bomb - 3pk (US/CA/AUS),650,23796.73
32207,Spiced Turmeric Herbal Tea Set,983,32850.11
5300,Einkorn Pancake & Waffle Mix,1090,10361.45
25271,Atencion Quiropractica - 10pk,29,96.90
35893,Blue Yarrow - 5ml,594,63389.35
5102,Conditioner - Lavender Volume - 236ml,5,45.99
457205,Slique Tea Cinnamon Oolong Cocao - 25ct (JP),2,11.62
27707,Lime Vitality™ - 15ml (KR),4,52.94
46408,Charcoal Diffuser Bundle (PH),4,278.64
35014,Diffuser Carrying Case (Global),2,75.00
46669,Wanderful Starter Bundle (NZ),1,151.51
44497,Ticket Evento Presencial (EC),15,200.85
27740,Very Merry Vanillamint Collection,3,145.88
47083,Okinawa Yanbaru Farm Cap - Pink (JP),10,325.38
6500,The Gift - 5ml,25,1293.75
48577,Oils & Iron T-Shirt - Large - Evergreen,3,105.54
3035,Cel-Lite Magic Massage Oil - 8oz,23139,843041.84
49000,Simplified By J+K Candy Hearts - 10ml,11348,397729.06
4661,Believe Essential Oil - 15ml,9503,401388.03
36246,YL Vitality Drops - Energy Spearmint Tanger - 3pk,1185,35860.24
3689,Young Living Seedlings - Tender Tush - 1.8oz,5248,162677.46
43418,Dish Brush Set,158,4681.11
48516,Tactical Kit - Black,51,1339.37
4581,,83,2396.80
5192121,Conditioner - Lavender Mint Daily - 295ml,18,432.30
47107,Okinawa Yanbaru Farm T-Shirt - Pink XL (JP),2,52.06
3739,`,3,69.75
3325,Aroma Siez Essential Oil - 5ml,8,100.37
48559,Oils & Iron T-Shirt - XL - Black,2,70.54
40654,Lemon Dish Cloths - 2pk,6,51.00
26582,Life 9 - 3pk (SG),3,281.36
3343,Harmony Essential Oil - 5ml,7,200.85
24353,Thieves Roll-On - 10ml (EC/CO),4,32.57
47867,Red Wellness (EU),5,438.55
46589,Inner Child (EU),1,46.53
3427,3 Wise Men Essential Oil - 5ml,3,116.46
45408,Reed Diffuser (ZA),3,36.59
33312,Shutran™ Wellness Essential Oil - 15ml (EU),2,169.64
45755,Medium Paper Bag (PH),1,0.78
3674515,Foaming Hand Soap - Thieves - Single (SG/MY),2,29.19
37666,NingXia Red Plus Essential Rewards Bundle (AUS/NZ),1,190.53
528237,YL Eva Case with Purple Logo (PH),1,14.55
48591,Oils & Iron T-Shirt - 2XL - Gray,2,59.49
39051,Vital Immune Probiotics - 30 Sticks (KR),1,32.59
303502,Cel-Lite Magic Massage Oil - 236ml (AUS),1,35.82
48580,Oils & Iron T-Shirt - SM - Blue,1,35.00
46786,General Evento Transformation (MX),4,347.42
45754,Small Paper Bag (PH),4,1.88
29759,New PSK w/Dewdrop Diffuser (MX),1,144.01
38715,PSK W/Dewdrop Diffuser (EU) [English] [EU Plug],1,174.38
41395,Essential Probiotic Plus (PH),5,179.14
47865,Autumn On The Go (EU),2,211.29
48594,Oils & Iron T-Shirt - Large - Gray,2,59.49
3280,MegaCal - 15.6oz (450g),1,11.63
367438,Foaming Hand Soap - Thieves - Single (ZA),2,18.31
367908,Bar Soap - Thieves - 100g,2,32.69
33336,"YL Reusable Bag, Small (SG)",1,0.35
43818,Premium Experience Set w/ AromaGlobe Diffuser (PH),1,124.70
47721,Set Bienestar Interior (MX),1,92.53
43934,YL Mini EO Eco Bag (5 Set) Green Color (KR),22,218.41
303576,Cel-Lite Magic Massage Oil (TW),1,39.12
359438,Foaming Hand Soap Refill - Thieves - 32oz (ZA),1,26.10
36260,Hajimeteno YL Book (JP),2,0.91
28109,Desert Mist Diffuser (CR),1,69.03
47137,Happy Set (MX),1,31.73
10070,$9 YL Gear,1,9.00
362105,Thieves Waterless Hand Purifier - Single (JP),2,9.90
47032,Valor Roll-On with Gift Bag (ZA),2,32.74
303103,V-6 Enhanced Vegetable Oil Complex - 8oz/236ml,1,22.12
46984,Set Blossom (MX),2,81.20
48592,Oils & Iron T-Shirt - XL - Gray,1,35.00
3364,ImmuPower Essential Oil - 5ml,3,62.31
29032,Conditioner - Copaiba Vanilla - 236ml (CA),1,22.88
27472,Seedlings Gift Bundle (CA),1,114.57
47996,Changing Leaves (EU),1,62.54
47728,Kit de Inicio Premium con Difusor Dewdrop (EC),1,155.00
48168,Cheery & Bright Hand Towel,1,10.80
27211,CitraGuard Deodorant - 1.5oz,1,6.86
47260,Deepspectra Frankincense2 - 5ml Cosmetic (CA),1,58.86
31046,Mattifying Primer (UK/AT/SE),1,37.52
326615,3pk - Thieves Spray,1,30.44
30922,Lushious Lemon Foaming Refill - 946ml (CA/AUS),1,39.25
27278,IlluminEyes - 30ct (JP),1,33.44
29888,D. Gary Young Book - 2nd Edition,1,28.00
48019,Wanderful Atomizing Diffuser - Matcha Green [MFG],3,165.00
46519,Thieves Household Cleaner [Rebrand],181916,4256460.80
5241,D. Gary Young Foundation Donation,702073,702073.00
18299,Life 9 - 30ct,218791,7139089.82
32633,KidScents GeneYus Roll-On - 10ml,3247,168570.93
3538,Eucalyptus Radiata Essential Oil - 15ml,60994,1280941.18
3621,Thieves Waterless Hand Sanitizer - 1oz,103195,585990.99
3782,Essential Beauty Serum (Dry) - 15ml,14620,337860.37
37798,Golden Turmeric - Mango Rose,33304,1381681.13
5203,Lip Balm - Lavender,155908,692392.53
21016,Prostate Health,19924,801185.02
41064,NingXia Greens,38268,1704239.44
3632,Sage Essential Oil - 15ml,9448,306137.58
3658,Wintergreen Essential Oil - 15ml,37811,764287.33
3336,En-R-Gee Essential Oil - 15ml,11771,331227.94
5165,Animal Scents Ointment - 6.3oz,13709,378228.24
33062,Foaming Hand Soap - Winter Nights - Single,13864,221999.30
3064,NingXia Nitro - 14 Tubes,113373,5039455.47
3391,PanAway Essential Oil - 5ml,31958,1287291.18
32634,KidScents TummyGize Roll-On - 10ml,19080,449077.44
3674,Foaming Hand Soap - Thieves - Single,43780,696665.04
28474,Cinnamon CBD Oil - 500mg,9778,782485.86
41951,Bar Soap - Sacred Mountain -3.5oz (US/AUS/CA),19621,232968.39
32635,KidScents SniffleEase Roll-On - 10ml,14974,541990.43
19174,Laurus Nobilis Vitality - 5ml,3211,88822.95
3572,Juniper Essential Oil - 15ml,9466,364116.34
5306,KidScents SniffleEase - 5ml,33749,684030.30
3362,Gentle Baby Essential Oil - 5ml,29435,706558.58
5597,Thyme Vitality™ - 5ml,5048,81351.81
3259,KidScents - MightyZyme Chewable Tablets - 90ct,11881,521977.58
3739,Bath & Shower Gel - Dragon Time - 8oz,8863,205872.18
30129,YL Vitality Drops - Grapefruit Bergamot - 3pk,28867,869055.75
4464122,Thieves Dental Floss - 3pk,16637,165187.66
3193,Clear Vegetable Capsules,8723,71844.49
30130,YL Vitality Drops - Lavender Lemon - 3pk,16714,503585.81
3288,Allerzyme Capsules - 90ct,21605,796492.42
3420,Sensation Essential Oil - 5ml,6353,239914.90
26669,2019 PSK with Desert Mist Diffuser,12001,1875507.54
20842,Blush Brush,3588,14360.00
5043,Einkorn Flour - 2lbs,5891,55817.89
3346,Gratitude Essential Oil - 5ml,6683,198852.76
3529,Valor Roll-On - 10ml,5032,280664.38
44729,Set Make a Shift Essential (MX),30,2255.06
5148,Sandalwood Moisture Cream - 4oz,2519,173018.41
35004,YL Foundation Ornament,9396,11622.32
20839,Bronzer Brush,1610,23297.98
42118,Balance by Young Living - Collection,1371,135652.93
5256,Orb™ Diffuser - Replacement Wicks - 3pk,3521,872.51
28470,Citrus CBD Oil - 500mg,2626,163449.44
44606,WanderBliss Diffuser - Sage Green [MFG] (EU),1,59.28
3315,Christmas Spirit Essential Oil - 15ml,77,1328.57
3365,Inspiration Essential Oil - 5ml,295,8920.98
37177,Ecuadorian Ylang Ylang Essential Oil - 5ml,18,303.82
3424,Surrender Essential Oil - 5ml,5040,149369.48
3608,Patchouli Essential Oil - 15ml,25110,975969.85
36285,Balance Dual-Phase Toner (US/CA/AUS),7026,251287.86
20673,LavaDerm After-Sun Spray,23445,626660.47
23735,Mirah Luminous Cleansing Oil (US/AUS),6448,265667.86
26666,2019 PSK with Dewdrop Diffuser,1908,302263.50
3939,Essential Oil Bottle Labels,12923,41596.72
3292,Balance Complete - 26.4oz,18291,1045042.26
35701,Brush - Foam Head,1704,3807.04
4686,Mastrante - 5ml,1609,47676.03
5584,Celery Seed Vitality™ - 5ml,4625,61770.89
5301,Einkorn Spaghetti - 12oz,2953,19955.90
3214,JuvaTone Tablets - 150ct,11754,475455.86
35796,Bloom by Young Living - 5ml,4470,166395.68
39528,Pink Champagne - 10ml (US/CA),2014,68202.60
41620,Silicone Oil Holders - Mauve,1247,12292.41
3388,Longevity Essential Oil - 15ml,5274,213644.38
5765,Essential Oil Bottle Organizer,3,35.03
4688,White Light - 5ml,4563,121752.78
5268,Animal Scents Puriclean - 15ml,2534,69132.71
47902,Rise And Rest,780,185544.80
5639,JuvaFlex Vitality - 5ml,4246,136128.54
40652,"Inspire, Motivate, & Focus Glass Rollers",1898,28244.34
3570,Patchouli Essential Oil - 5ml,1785,28333.54
26655,2019 PSK with Rainstone Diffuser,432,95499.02
38655,Finca Home Collection,360,59986.99
3130,Golden Touch 1 Essential Oil Collection,1417,143366.32
23141,Sponsor Change - 6 Months Inactive,130,4550.00
39627,Gingersnaps - 10ml (US/CA),48,1646.38
25109,YL Car Vent Diffuser - Rose Gold,26,468.56
30021,Orange Rose Hip Black Tea,15,502.50
409311,MyYL Website (MX),34,285.43
39280,Seaside Essential Oil - 10ml (US/CA),4,112.18
362205,Thieves Waterless Hand Purifier - 3pk (JP),8,113.56
41994,Set Mujer en Balance (MX),1,53.24
43276,Set Tu Propósito YL (MX),40,1070.91
325111,Cherry C Chewable (MX),24,763.34
48225,Christmas Spirit Set (UK),1,37.96
1097,Sponsor Change - Fee,185,6475.00
3302,Basil Essential Oil - 5ml,20,210.65
46784,Set Let's Glow (MX),17,1032.74
28706,YL Vitality Drops - Lavender Lemon - 48ml,5,48.40
303337,Ortho Ease Massage Oil - 236ml (PH),2,68.74
33624,Viya Diffuser,19,398.15
27641,Lavender Bundle (FR),6,177.47
47722,Set Limpieza con Thieves (MX),1,47.21
27135,Peppermint Vitality - 15ml (KR),4,89.27
46708,Incienso - 20pk (MX),6,553.58
3585,Bergamot Essential Oil - 5ml,6,54.39
20557,MightyVites,24818,1093003.38
46723,Set Rutina Activa (MX),43,2562.28
3088,Neroli Essential Oil - 5ml,2008,231787.23
4722,Freedom Sleep™ Collection,2094,290899.29
3339,Forgiveness Essential Oil - 5ml,3059,182058.16
39628,Candy Cane - 10ml (US/CA),2660,90271.95
5502,Active & Fit Kit,313,30547.45
20844,Concealer Brush,68,1815.75
36381,Business Essentials Kit [Spanish],61,49.61
32068,Feather Diffuser (EC),14,298.20
3044531,NingXia Red - 4pk (EC/CO),4,585.00
3588,Release Essential Oil - 5ml,12,202.07
9960,The Boost Personal Development Subscription,12,107.40
46515,Set Candy Cane (MX),2,118.21
47868,Harvest Harmony (EU),1,39.98
362211,Thieves Waterless Hand Purifier - 3pk,15,212.70
41624,Roots and Wings Collection,298,57505.03
39367,Wood Massage Tool,494,4880.62
3203,Detoxzyme Capsules,5,223.75
27073,St. Maries Lavender [France] - 5ml,14,322.00
48569,Oils & Iron T-Shirt - 3XL - Army,1,24.49
40252,Super B Capsule - 60ct (UK),6,96.05
30942,Foaming Hand Soap - Lushious Lemon (CA/AUS),1,14.60
200656,Ningxia Red 2oz Sachet - Single,25,80.38
35698,YL Vitality Drops - Energy Jade Lemon Berry - 48ml,11,89.65
3675,Bar Soap - Lemon Sandalwood - 3.5oz,1,11.72
3571,Juniper Essential Oil - 5ml,6,76.11
27706,Orange Vitality™ - 15ml (KR),5,52.54
46359,Snowy the Owl Bundle,4,229.56
47094,Okinawa Yanbaru Farm T-shirt - Navy - XL (JP),8,208.24
489305,NingXia Red Essential Rewards - 4pk,1,130.00
27568,Lemon Vitality™ - 15ml (KR),6,63.12
39318,Wood Tree Set,3,15.00
27204,Master Formula Essential - 30 Sachets (TW),2,130.53
3097,OmegaGize³ - 120ct,2,84.52
326603,Thieves Spray - 3pk (CA),1,24.64
362108,Thieves Waterless Hand Purifier - 29ml (UK),1,6.20
302402,3pk - BLM 90 capsules,1,107.38
42648,Isovon (PH),4,88.98
47735,Ningxia Boost Bundle (EU),1,209.72
47097,Okinawa Yanbaru Farm T-Shirt - Pink S (JP),1,26.03
43396,Camiseta Morpho y Palo Santo YLF (EC),3,78.27
,,6,346.74
30710,Bloom Collagen Complete - 10pk (AUS/NZ),1,40.50
48746,Camiseta Finca Sostenible YLF (EC),3,78.27
33064,Foaming Hand Soap - Winter Nights - Single (EU),1,15.24
47850,Trio De Lavanda (EC),1,35.10
46810,Set KidPower (MX),2,94.02
27429,Olive Essentials - 30ct (MX),1,32.57
47011,Mystery Bag (MX),1,87.45
446402,Thieves Dental Floss - 3pk (AUS),1,9.82
48534,Set Batidor con YL Collagen (MX),2,123.64
362203,Thieves Waterless Hand Purifier - 3pk (CA),2,28.18
32789,CBD Muscle Rub - 600mg (ZA),2,58.16
367405,Foaming Hand Soap - Thieves - Single (JP),3,12.31
5624,Grapefruit Vitality™ - 5ml,15306,130384.70
4748,PowerGize - 60ct,21142,716318.34
5202,Bath & Shower Gel - Lavender - 236ml (US/AUS),26602,561356.08
3706,Genesis Hand & Body Lotion - 8.6oz,4787,112523.95
5349,Thieves Laundry Soap,234355,7728092.94
5292,Master Formula,44645,4059303.01
3607,Palo Santo Essential Oil - 5ml,15990,629705.32
3079,Lemon Myrtle Essential Oil - 5ml,10319,267692.78
48376,Christmas Spirit FHS Concentrate 2oz - 2pk (CA/US),20968,565025.87
3578,Lemon Essential Oil - 15ml,361033,4629385.99
3199,AlkaLime - 8oz,15776,630143.35
3266,Thieves Spray - 3pk,41529,1134048.45
26817,Olive Essentials - 30ct,25531,910994.42
3618,Pine Essential Oil - 15ml,24963,423756.23
4430,Foaming Hand Soap - Lavender - Single,34963,461124.68
42619,CitraGuard Deodorant - 1.5oz (US/AUS/CA),19909,312701.94
24364,Thieves Roll-On - 10ml,39599,1314132.60
21671,Baby Wipes - Calm - 3pk,8207,232109.09
3409,R.C. Essential Oil - 5ml,59817,718745.27
42610,Valor Deodorant (US/AUS/CA),38107,596907.78
3376,Lady Sclareol Essential Oil - 15ml,4305,267566.32
47262,DeepSpectra Frankincense 2 - 5ml,25912,1421028.40
20483,Shutran™ 3-in-1 Men's Wash - 8oz,10115,360855.56
44024,Green Omega 3,48432,3258718.36
5751,Einkorn Granola,11723,90901.70
32807,KidScents Roll-On Collection,1343,279533.74
5588,Ginger Vitality™ - 5ml,12977,192852.18
3262,K & B - 1.8 fl oz,8152,271521.01
19802,Shutran™ Beard Oil,8859,146774.21
3526,NingXia Red 2oz Singles - 60ct,16794,2885192.83
5175,ART - Renewal Serum (AU/US),12822,1094291.17
19341,Oils of Ancient Scripture,1599,330107.64
44357,Make a Shift: Essential Solutions Kit,11071,1204072.68
3303,Acceptance Essential Oil Blend - 5ml,4397,200445.18
3320,Clove Essential Oil - 5ml,2026,13439.74
48322,Christmas Spirit FHS Concentrate Collection,10164,241883.55
36373,Soothe CBD Roll-On - 300mg,3036,126796.95
5434,Red Shot - 5ml,4498,67466.66
43043,Duet Diffuser,1846,359461.53
4458,Travel Fan Replacement Pads - 10pk,2002,998.29
44387,Cozy Chai Collection (US/CA),1540,80865.55
3083,Blue Cypress Essential Oil - 5ml,3354,111195.53
5363,ART Skin Care System,1381,174561.15
5552,Slique Shake - 15pk,133,7607.25
39496,Winter Spa Essential Oil - 10ml (US/CA),2134,72224.00
47358,Lushious Lemon Jabón Para Manos (MX),30,439.43
44323,12oz. Glass Cup,6,63.84
40872,Young Living Green Omega 3 - 60ct (KR),4,158.57
46464,Premium Exp Set w/ Charcoal Wanderful Diff (PH),2,254.57
41907,Misc. Foundation Item,55,55.00
23799,Bar Soap - Charcoal,3,23.43
41947,Bar Soap - Lemon Sandalwood - 3.5oz (US/AUS/CA),16779,199812.48
3265,Thieves Spray - 1oz,37395,380743.54
5201,Lavender Hand & Body Lotion - 236ml,54304,1279905.67
4471,RutaVaLa Roll-On - 10ml,10274,417019.06
40661,Power Meal,10673,577842.84
3378,Melrose Essential Oil - 15ml,26368,587429.55
29022,Shampoo - Copaiba Vanilla - 236ml (US/AUS),36708,981132.43
32636,KidScents SleepyIze Roll-On - 10ml,17528,541319.35
30632,Thieves Hand Sanitizing Hand Wipes,32130,518592.67
42620,AromaGuard Meadow Mist Deodorant - 42g (US/AUS/CA),28096,441988.55
32741,Vanilla - 5ml,46302,1560332.47
6360,Organic Dried Wolfberries,12057,343274.06
48399,Simplified By J+K Vanillamint - 10ml (CA/US),8312,289747.96
25836,Liquid Concealer - Light 1 (US/CA/AUS),1465,45800.01
4771,Peppermint Essential Oil Sample - 10ct,5525,62167.10
40238,Holiday Short Glass (MX),58,555.05
47086,Okinawa Yanbaru Farm Cap - Black (JP),19,618.22
28480,CBD Muscle Rub - 300mg,4478,302822.00
3073,Hinoki Essential Oil - 5ml,3708,104570.95
48742,Dewdrop Diffuser - 12pk,9811,491622.44
4770,Lavender Essential Oil Sampler - 10ct,2201,24703.19
46330,Highland Flats White Fir - 5ml,3679,110070.58
44301,WanderBliss Diffuser [MFG],394,19612.44
1098,Sale or Transfer of Organization (Fee),122,6100.00
43682,Northern Lights White Spruce 10th Anniversary (CA),6,284.82
37606,Diamond Diffuser Bundle (PH),4,256.42
40275,Ladies Comfy Hoodie - XL (EU),1,39.61
35897,Canadian Fleabane - 5ml,75,3503.39
3050,Thieves AromaBright Toothpaste - 2oz,316,1961.98
42079,Sprout the Puppy Ultrasonic Diffuser (US/CA),27,1613.25
39399,Sharing Pack (JP),6,5.85
47096,Okinawa Yanbaru Farm T-shirt - Navy XXXL (JP),3,78.09
3592,Myrrh Essential Oil - 5ml,5,63.03
48710,Concentrado de jabón de manos Xmas Spirit(MX),3,70.48
409302,MyYL Website (AUS),15,67.08
303311,Ortho Ease Massage Oil - 8oz (MX),15,491.76
21061,Slique Shake - INTL (MX),49,2323.04
5620,Clove Vitality™ - 5ml,16250,132564.18
5342,Northern Lights Black Spruce - 15ml,10978,571042.95
41975,Bar Soap - Charcoal (US/AUS/CA),51210,713965.86
46168,Simplified by J+K - Spring Collection 2024 (CA/US),5056,493751.67
38082,Macaron Diffuser [MFG],3495,277266.88
3598,Dorado Azul Essential Oil - 5ml,3703,145743.33
5361,ART Gentle Cleanser - 100ml (US/AUS),30438,1141643.64
3419,RutaVaLa Essential Oil - 5ml,4902,176448.45
3490,Booklet - Thieves - 25pk,749,4251.46
25110,YL Car Vent Diffuser - Gray,17,357.06
3527,Coriander Essential Oil - 5ml,2,68.99
47818,Tea Tree (Melaleuca Alternifolia) EO Twin Pk (SG),2,90.10
43405,Chocolate Bar YLF (EC),94,409.78
47100,Okinawa Yanbaru Farm T-Shirt - Navy M (JP),5,130.15
48341,Thieves Messy Moments Collection,4602,176947.30
25558,Shutran Shave Cream (US/AUS),2618,55471.94
41455,Fitment Kit,11,148.40
210351,NingXia Zyng Can - Single,21,69.30
48587,Oils & Iron T-Shirt - 2XL - Blue,3,105.00
44334,NingXia Mocktail (CO),1,52.46
30655,Thieves Kitchen & Bath Scrub (CA),2,26.73
46702,Cypress - 20pk (MX),2,106.10
39661,Diffuser Cleaning Kit,2,30.00
36037,Ember Diffuser Set (EU),4,139.27
47084,Okinawa Yanbaru Farm Cap - Navy (JP),14,455.54
20200,Desert Mist Diffuser [MFG] (US/CA/MX/EC/CO),6,161.93
41891,Ortho Sport Massage Oil - 8oz [MFG],17,493.55
30938,"LONGEVITY SOFTGELS, 30ct",11,388.30
30314,Bloom Brightening Essence (JP),2,63.65
48593,Oils & Iron T-Shirt - Medium - Gray,3,138.15
25338,Contour Brush - Savvy Minerals by Young Living,1,9.38
34554,YLK Oil Bottle Cap Labels (KR),6,15.50
41373,Round About Case,9,139.74
367402,Foaming Hand Soap - Thieves - 236ml (AUS),4,51.35
48246,Scarlet Sip (UK),1,229.76
43257,Set Nutmeg Noel Cookies (MX),5,197.28
39067,Winter Nights Wellness Essential Oil - 5ml (EU),2,32.09
47348,"Ready, Set, Travel Kit (ZA)",1,36.42
43939,DIY Book Bundle (PH),1,6.06
38681,Alkalime Stick Packs 30ct - 3pk (SG),1,93.65
548211,Raindrop Premium Starter Kit (MX),2,360.87
29947,Sweet Aroma Diffuser,1,41.25
557611,Mis Indispensables ER Kit (MX),2,209.97
303169,V-6 Vegetable Oil Complex - 8oz (KR),1,22.53
46793,Chirp Wheel,1,37.99
46536,Set 6 Boletos De Evento Present Time (MX),2,615.12
47880,Triple Bloom (EU),3,348.99
48645,Set Dewdrop 12pk (MX),1,63.73
44206,Vital Immune Probiotics - 3pk (SG),3,288.26
47603,NingXia Red & NingXia Greens (PH),1,113.23
47383,Perfume Para Mamá (EC),2,105.30
46252,Ningxia Red Drink -  2pk Bundle (ZA),1,76.08
48750,Imán para Nevera (EC),4,17.40
3574,Laurus Nobilis Essential Oil - 5ml,1,24.87
37876,Household Amber Cleaner Bottle,2,16.00
47751,Countdown Calendar 2024 (EU),1,335.10
20841,Eyeshadow Brush,2,6.66
41890,Ortho Ease Massage Oil - 8oz [MFG],3,122.99
359402,Foaming Hand Soap Refill - Thieves - 944ml (AU),4,165.00
44756,Thieves ER Bundle (ZA),2,142.53
41417,AromaGlobe Diffuser (AT),3,56.88
46591,Inner Harmony (EU),1,84.74
43760,Duet Diffuser (AUS/ NZ),2,157.04
362215,Thieves Waterless Hand Purifier - 3pk (SG),1,16.60
362229,Thieves Waterless Hand Purifier - 3pk (HK),1,18.65
33418,Serenity Now Collection,1,60.53
514203,Thieves Waterless Hand Sanitizer - 225ml (CA),2,49.86
533008,Dewdrop Diffuser (UK plug),1,71.57
303127,V-6 Vegetable Oil Complex - 236ml (CR),1,25.91
47103,Okinawa Yanbaru Farm T-shirt - Pink XXXL (JP),1,26.03
48230,Festive Feather (EU),1,68.45
41271,Young Living Essential Protein - 14pk (KR),4,193.05
48125,Pink Champagne FHS Concentrate (EU),1,26.16
